DROP SCHEMA IF EXISTS breakout;

-- MySQL Script generated by MySQL Workbench
-- Fri Nov 17 14:00:04 2017
-- Model: New Model    Version: 1.0
-- MySQL Workbench Forward Engineering

SET @OLD_UNIQUE_CHECKS=@@UNIQUE_CHECKS, UNIQUE_CHECKS=0;
SET @OLD_FOREIGN_KEY_CHECKS=@@FOREIGN_KEY_CHECKS, FOREIGN_KEY_CHECKS=0;
SET @OLD_SQL_MODE=@@SQL_MODE, SQL_MODE='TRADITIONAL,ALLOW_INVALID_DATES';

-- -----------------------------------------------------
-- Schema mydb
-- -----------------------------------------------------

-- -----------------------------------------------------
-- Schema mydb
-- -----------------------------------------------------
-- -----------------------------------------------------
-- Schema breakout
-- -----------------------------------------------------

-- -----------------------------------------------------
-- Schema breakout
-- -----------------------------------------------------
CREATE SCHEMA IF NOT EXISTS `breakout` DEFAULT CHARACTER SET utf8 ;
USE breakout;
-- -----------------------------------------------------
-- Table `breakout`.`brick_type`
-- -----------------------------------------------------
CREATE TABLE IF NOT EXISTS `breakout`.`brick_type` (
  `brickID` INT(11) NOT NULL AUTO_INCREMENT,
  `brick_strength` INT(11) NULL DEFAULT NULL,
  `name` VARCHAR(30) NULL DEFAULT NULL,
  `type` VARCHAR(1) NULL DEFAULT NULL,
  `points` INT(11) NULL DEFAULT NULL,
  `value` DOUBLE NULL DEFAULT NULL,
  `subtype` VARCHAR(50) NULL DEFAULT NULL,
  PRIMARY KEY (`brickID`))
ENGINE = INNODB
AUTO_INCREMENT = 7
DEFAULT CHARACTER SET = utf8;


INSERT INTO `brick_type` VALUES (1,1,'SIMPLE_BRICK','N',5,NULL, NULL),
(2,2,'MEDIUM_BRICK','N',10,NULL, NULL),
(3,3,'HARD_BRICK','N',12,NULL, NULL),
(5,1,'MORE_POINTS','U',5,2, NULL),
(6,1,'LESS_POINTS','D',0,0.5, NULL);

-- -----------------------------------------------------
-- Table `breakout`.`difficulty`
-- -----------------------------------------------------
CREATE TABLE IF NOT EXISTS `breakout`.`difficulty` (
  `difficultyID` INT(11) NOT NULL,
  `number_powerups` INT(11) NULL DEFAULT NULL,
  `number_powerdowns` INT(11) NULL DEFAULT NULL,
  `rows` INT(11) NULL DEFAULT NULL,
  `speed_ball` DOUBLE NULL DEFAULT NULL,
  PRIMARY KEY (`difficultyID`))
ENGINE = INNODB
DEFAULT CHARACTER SET = utf8;

INSERT INTO `difficulty` VALUES (1,2,1,3,-7),(2,2,2,4,-9),(3,3,2,5,-9),(4,3,3,6,-10),(5,4,3,7,-11),(6,3,4,8,-12);


-- -----------------------------------------------------
-- Table `breakout`.`levels`
-- -----------------------------------------------------
CREATE TABLE IF NOT EXISTS `breakout`.`levels` (
  `levels` INT(11) NOT NULL,
  `difficultyID` INT(11) NULL DEFAULT NULL,
  PRIMARY KEY (`levels`),
  INDEX `difficultyID_idx` (`difficultyID` ASC),
  CONSTRAINT `difficultyID`
    FOREIGN KEY (`difficultyID`)
    REFERENCES `breakout`.`difficulty` (`difficultyID`)
    ON DELETE NO ACTION
    ON UPDATE NO ACTION)
ENGINE = INNODB
DEFAULT CHARACTER SET = utf8;

INSERT INTO `levels` VALUES (1,1),(2,1),(3,2),(4,2),(5,3),(6,3),(7,3),(8,3),(9,3),(10,3),(11,4),(12,4),(13,4),(14,4),(15,4),(16,4),(17,4),(18,4),(19,4),(20,4),(21,4),(22,4),(23,4),(24,4),(25,4),(26,4),(27,4),(28,4),(29,4),(30,4),(31,4),(32,4),(33,4),(34,4),(35,4),(36,4),(37,4),(38,4),(39,4),(40,4),(46,4),(41,5),(42,5),(43,5),(44,5),(45,5),(47,5),(48,5),(49,5),(50,5),(51,5),(52,5),(53,5),(54,5),(55,5),(56,5),(57,5),(58,5),(59,5),(60,5),(61,5),(62,5),(63,5),(64,5),(65,5),(66,5),(67,5),(68,5),(69,5),(70,5),(71,5),(72,5),(73,5),(74,5),(75,5),(76,6),(77,6),(78,6),(79,6),(80,6),(81,6),(82,6),(83,6),(84,6),(85,6),(86,6),(87,6),(88,6),(89,6),(90,6),(91,6),(92,6),(93,6),(94,6),(95,6),(96,6),(97,6),(98,6),(99,6),(100,6);

-- -----------------------------------------------------
-- Table `breakout`.`scores`
-- -----------------------------------------------------
CREATE TABLE IF NOT EXISTS `breakout`.`scores` (
  `userWonID` VARCHAR(30) NOT NULL,
  `userLostID` VARCHAR(30) NOT NULL,
  `points` INT(11) NULL DEFAULT NULL,
  `time` INT(11) NULL DEFAULT NULL,
  `scoreID` INT(11) NOT NULL AUTO_INCREMENT,
  PRIMARY KEY (`scoreID`),
  INDEX `userWonID_idx` (`userWonID` ASC),
  INDEX `userLostID_idx` (`userLostID` ASC))
ENGINE = INNODB
DEFAULT CHARACTER SET = utf8;


-- -----------------------------------------------------
-- Table `breakout`.`users`
-- -----------------------------------------------------
CREATE TABLE IF NOT EXISTS `breakout`.`users` (
  `userID` VARCHAR(30) NOT NULL,
  `email` VARCHAR(50) NOT NULL,
  `smashbit` INT(11) NULL DEFAULT '0',
  `username` VARCHAR(20) NOT NULL,
  `image_url` VARCHAR(100) NULL DEFAULT NULL,
  `country` VARCHAR(3) NULL DEFAULT NULL,
  PRIMARY KEY (`userID`))
ENGINE = INNODB
DEFAULT CHARACTER SET = utf8;


SET SQL_MODE=@OLD_SQL_MODE;
SET FOREIGN_KEY_CHECKS=@OLD_FOREIGN_KEY_CHECKS;
SET UNIQUE_CHECKS=@OLD_UNIQUE_CHECKS;
